{
  "ConfigFileVersion": {
    "Major": 1,
    "Minor": 7,
    "Build": 5,
    "Revision": 13,
    "MajorRevision": 0,
    "MinorRevision": 13
  },
  "Language": 0,
  "DisplayCurrency": "USD",
  "DebugConsole": false,
  "BitcoinAddress": "1FFVvaF7A3sjhzX26mNWfuqYKz1CwmEsYh",
  "WorkerName": "workerx",
  "ServiceLocation": 0,
  "AutoStartMining": false,
  "HideMiningWindows": false,
  "MinimizeToTray": false,
  "ForceCPUExtension": 0,
  "SwitchMinSecondsFixed": 90,
  "SwitchMinSecondsDynamic": 30,
  "SwitchMinSecondsAMD": 90,
  "SwitchProfitabilityThreshold": 0.05,
  "MinerAPIQueryInterval": 5,
  "MinerRestartDelayMS": 500,
  "BenchmarkTimeLimits": {
    "CPU": [
      10,
      20,
      60
    ],
    "NVIDIA": [
      10,
      20,
      60
    ],
    "AMD": [
      120,
      180,
      240
    ]
  },
  "DeviceDetection": {
    "DisableDetectionAMD": false,
    "DisableDetectionNVIDIA": false
  },
  "DisableAMDTempControl": true,
  "DisableDefaultOptimizations": false,
  "AutoScaleBTCValues": true,
  "StartMiningWhenIdle": false,
  "MinIdleSeconds": 60,
  "LogToFile": true,
  "LogMaxFileSize": 1048576,
  "ShowDriverVersionWarning": true,
  "DisableWindowsErrorReporting": true,
  "NVIDIAP0State": false,
  "ethminerDefaultBlockHeight": 2000000,
  "EthminerDagGenerationType": 0,
  "ApiBindPortPoolStart": 4000,
  "MinimumProfit": 0.0,
  "IdleWhenNoInternetAccess": true,
  "DownloadInit": true,
  "Use3rdPartyMiners": 2,
  "DownloadInit3rdParty": true,
  "AllowMultipleInstances": true,
  "LastDevicesSettup": [],
  "hwid": "BFEBFBFF000106A5",
  "agreedWithTOS": 3
}