{
  "bin\\sgminer-5-6-0-general\\sgminer.exe": {
    "GPU_MAX_ALLOC_PERCENT": "100",
    "GPU_USE_SYNC_OBJECTS": "1",
    "GPU_SINGLE_ALLOC_PERCENT": "100",
    "GPU_MAX_HEAP_SIZE": "100",
    "GPU_FORCE_64BIT_PTR": "1"
  },
  "bin\\sgminer-gm\\sgminer.exe": {
    "GPU_MAX_ALLOC_PERCENT": "100",
    "GPU_USE_SYNC_OBJECTS": "1",
    "GPU_SINGLE_ALLOC_PERCENT": "100",
    "GPU_MAX_HEAP_SIZE": "100",
    "GPU_FORCE_64BIT_PTR": "1"
  },
  "bin_3rdparty\\claymore_cryptonight\\NsGpuCNMiner.exe": {
    "GPU_MAX_ALLOC_PERCENT": "100",
    "GPU_USE_SYNC_OBJECTS": "1",
    "GPU_SINGLE_ALLOC_PERCENT": "100",
    "GPU_MAX_HEAP_SIZE": "100",
    "GPU_FORCE_64BIT_PTR": "1"
  },
  "bin_3rdparty\\claymore_zcash\\ZecMiner64.exe": {
    "GPU_MAX_ALLOC_PERCENT": "100",
    "GPU_USE_SYNC_OBJECTS": "1",
    "GPU_SINGLE_ALLOC_PERCENT": "100",
    "GPU_MAX_HEAP_SIZE": "100",
    "GPU_FORCE_64BIT_PTR": "1"
  },
  "bin_3rdparty\\optiminer_zcash_win\\Optiminer.exe": {
    "GPU_MAX_ALLOC_PERCENT": "100",
    "GPU_USE_SYNC_OBJECTS": "1",
    "GPU_SINGLE_ALLOC_PERCENT": "100",
    "GPU_MAX_HEAP_SIZE": "100",
    "GPU_FORCE_64BIT_PTR": "1"
  },
  "bin_3rdparty\\claymore_dual\\EthDcrMiner64.exe": {
    "GPU_MAX_ALLOC_PERCENT": "100",
    "GPU_USE_SYNC_OBJECTS": "1",
    "GPU_SINGLE_ALLOC_PERCENT": "100",
    "GPU_MAX_HEAP_SIZE": "100",
    "GPU_FORCE_64BIT_PTR": "0"
  }
}